Product Name,Product Details,Price,Actual Price,Discount Percentage
"Fujifilm Instax Mini 11 Instant Film Camera, Blush Pink",,369.00SAR,,
Fujifilm Instax Wide 300 Instant Film Camera - Toffee,,599.00SAR,,
"Fujifilm Instax Link Wide Smartphone Printer, Grey",,699.00SAR,,
"Fujifilm Instax Link Wide Smartphone Printer, White",,699.00SAR,,
"Canon Selphy CP1300, Black",,599.00SAR,,
"Yelangu On-Camera LED Video Light, Black",,139.00SAR,,
"Benro Lightweight Flexible Adjustable Aluminum Tripod, Black",,149.00SAR,SAR199.00,25% OFF
Zhiyun Smooth X Essential Combo Smartphone Gimbal Stabilizer (White),,349.00SAR,,
"Cambee 15W Video LED Light, Black",,499.00SAR,,
Moogmax Handbag With Charging Cable And Against Water,,69.00SAR,,
Sharpdo Professional Foldable Tripod Camera Mount Stand 30cm Silver/Black,,58.00SAR,SAR71.57,18% OFF
Generic Lightweight Aluminum Camera Tripod Black/Silver,,53.00SAR,SAR76.30,30% OFF
Generic LED Selfie Camera Lamp With Mini Tripod Black,,40.00SAR,SAR63.10,36% OFF
Generic 5V DC 7W LED Light Selfie Camera Lamp With Telescopic Tripod Black/White 500g,,34.00SAR,SAR54.30,37% OFF
Generic Aluminium Foldable Tripod Silver/Black,,58.00SAR,SAR65.00,10% OFF
Generic Professional Camera Tripod Stand Holder Mount 60Inch Silver/Black,,58.00SAR,SAR89.80,35% OFF
Generic Adjustable Tripod With Bag Silver/Black,,63.00SAR,SAR70.00,10% OFF
Generic Tripod Camera Holder Silver/Black,,63.00SAR,SAR89.80,29% OFF
Tefeng Portable Tripod For Apple iPhone 11 Pro/11 Pro Max Silver/Black,,53.00SAR,SAR89.80,40% OFF
Generic Bluetooth Portable Adjustable Tripod With Remote Silver/Black,,58.00SAR,SAR73.22,20% OFF
Generic Portable Monopod Tripod With Carry Bag Silver/Black,,63.00SAR,SAR89.80,29% OFF
Generic Universal Camera Tripod Silver/Black,,63.00SAR,SAR89.80,29% OFF
Generic Portable Tripod Stand For DSLR Camera Silver/Black,,58.00SAR,SAR89.80,35% OFF
Generic Tripod Stand Mount Phone Holder Black/White,,58.00SAR,SAR65.00,10% OFF
Generic Portable Flexible Camera Tripod Silver/Black,,58.00SAR,SAR89.80,35% OFF
Yunteng Camera Tripod Stand Silver/Black,,53.00SAR,SAR89.80,40% OFF
Generic Aluminum Alloy Horizontaltip Tripod Silver/Black,,63.00SAR,SAR89.80,29% OFF
Generic Bluetooth RC Self-Timer Shutter Clip Holder Tripod Kit 37X6X8cm Black/Silver,,53.00SAR,SAR89.80,40% OFF
Generic Lightweight Tripod Stand For Cameras 36X8X8cm Silver/Black,,58.00SAR,SAR65.00,10% OFF
Generic 3-Pieces Adjustable Tripod With Mobile Mount Head And Bag Set Black/Silver,,58.00SAR,SAR89.80,35% OFF
Generic Lightweight Projector Tripod Stand Silver/Black,,53.00SAR,SAR58.65,9% OFF
Generic Digital Camera And Smart Phones Bluetooth Tripod Silver/Black,,63.00SAR,SAR89.80,29% OFF
Generic Aluminum Tripod Stand 104cm Silver/Black,,63.00SAR,SAR89.80,29% OFF
Generic Digital Camera Tripod Stand 50Inch Black/Silver,,63.00SAR,SAR89.80,29% OFF
Generic Digital Camera Tripod Stand 50Inch Black/Silver,,63.00SAR,SAR89.80,29% OFF
Generic Retractable Portable Tripod Silver/Black,,63.00SAR,SAR89.80,29% OFF
Indepman Portable Tripod Stand With Bracket For Dv/Slr Camera Pink/Black,,57.00SAR,SAR89.80,36% OFF
Weifeng Lightweight Flexible Camera Tripod Black/Silver,,58.00SAR,SAR65.00,10% OFF
Generic Tripod With 3-Way Head For DSLR Camera Silver/Black,,58.00SAR,SAR89.80,35% OFF
Generic Professional Aluminum Alloy Camera Tripod Stand Black/Silver,,63.00SAR,SAR89.80,29% OFF
Generic Tripod For Digital Camera And Smart Phones Silver/Black,,58.00SAR,SAR71.90,19% OFF
Generic Portable Camera Tripod Stand Silver/Black,,58.00SAR,SAR89.80,35% OFF
Generic Digital Camera Camcorder Adjustable Tripod Stand 35cm Silver,,58.00SAR,SAR89.80,35% OFF
"Generic Flexible Wt-3110A 42"" Lightweight Universal Tripod For DSLR Point Shoot Camera Multicolour",,58.00SAR,SAR65.00,10% OFF
Generic Foldable Al Alloy Tripod Flexiable For Fpv Monitor Digital Camera Black,,53.00SAR,SAR89.80,40% OFF
Generic Adjustable Camera Tripod 35cm Silver,,63.00SAR,SAR89.80,29% OFF
Generic Digital Camera Tripod Stand 50Inch Black/Silver,,63.00SAR,SAR89.80,29% OFF
Generic Portable Aluminium Alloy Stand Tripod For Digital Camera Silver/Black,,58.00SAR,SAR89.80,35% OFF
Generic Adjustable Tripods Mount Black/Silver,,63.00SAR,SAR89.80,29% OFF
Generic Portable Adjustable Tripod Silver/Black,,58.00SAR,SAR89.80,35% OFF
Generic Adjustable Mini Desktop Tripod Stand Black/Silver,,57.00SAR,SAR89.80,36% OFF
"Generic Camera Tripod Stand For Nikon D5300, D3300, D800, D7100 And D7000 Silver/Black",,53.00SAR,SAR89.80,40% OFF
Generic Aluminum Alloy Tripod Mount Black/Silver,,63.00SAR,SAR89.80,29% OFF
Star 3110 Lightweight Tripod With Adjustable-Height Legs Free Phone Holder With Bag Silver/Black,,58.00SAR,SAR65.00,10% OFF
Generic Flexible Tripod For DSLR Point Shoot Camera 42Inch Black/Silver,,58.00SAR,SAR89.80,35% OFF
Generic Universal Tripod For Photography-Binoculars-Digital-DSLR-Slr Camera-Telescope Silver Black/White,,63.00SAR,SAR89.80,29% OFF
Emtec Camera Tripod Stand Silver/Black,,58.00SAR,SAR89.80,35% OFF
Generic Universal Camera Tripod Stand 14.17 X4.33X4.33Inch Silver/Black,,63.00SAR,SAR89.80,29% OFF
Generic Adjustable Camera Tripod 35cm Silver,,58.00SAR,SAR89.80,35% OFF
Generic Aluminium Tripod Stand Silver/Black,,63.00SAR,SAR89.80,29% OFF
Generic Camera Tripod With Remote 1020mm Black/Silver,,63.00SAR,SAR89.80,29% OFF
Generic Microphone Shock Mount Bracket Tripod Stand Black/Silver,,63.00SAR,SAR70.00,10% OFF
Generic 2-Piece Portable Standing Tripod With Bag Set 1040mm Silver/Black,,58.00SAR,SAR65.00,10% OFF
Generic Portable Universal Tripod Stand For Digital Camera Black/Silver,,50.00SAR,SAR89.80,44% OFF
Generic Portable Tripod With Carry Case 50Inch Silver/Black,,63.00SAR,SAR89.80,29% OFF
Generic Adjustable Lightweight Tripod With Phone Holder And Bag Silver/Black,,58.00SAR,SAR89.80,35% OFF
Generic Aluminum Portable Tripod Stand Silver/Black,,63.00SAR,SAR89.80,29% OFF
Generic Professional Camera Tripod Stand 350mm Silver/Black,,58.00SAR,SAR89.80,35% OFF
Generic Complete Tripod Unit Silver/Black,,63.00SAR,SAR89.80,29% OFF
Generic Aluminum Portable Tripod Stand Silver/Black,,58.00SAR,SAR89.80,35% OFF
Generic Bluetooth Portable Adjustable Tripod With Remote Silver/Black,,58.00SAR,SAR89.80,35% OFF
Indepman Portable Tripod Stand With Bracket For Dv/Slr Camera Silver/Black,,58.00SAR,SAR65.00,10% OFF
Generic Aluminium Tripod With Carry Bag 50Inch Silver/Black,,63.00SAR,SAR89.80,29% OFF
Generic Adjustable Tripods Mount With Bag Black/Silver,,63.00SAR,SAR89.80,29% OFF
"Generic Tripod For Camera, Aluminum Model 3110A Silver/Black",,58.00SAR,SAR89.80,35% OFF
Generic Professional Travel Tripod Stand For Digital Camera And Camcorder Silver/Black,,57.00SAR,SAR89.80,36% OFF
Generic Camera Tripod Mount Stand Holder Legs Extendable For iPhone & Samsung [Btx-6] Silver,,53.00SAR,SAR89.80,40% OFF
Generic Portable Telescopic Camera Tripod Stand Silver/Black,,58.00SAR,SAR89.80,35% OFF
Generic Portable Lightweight Tripod Stand Silver/Black,,58.00SAR,SAR65.00,10% OFF
Generic Camera Tripod Stand With Mobile Holder Black/Silver,,63.00SAR,SAR89.80,29% OFF
Generic 2-Piece Portable Aluminum Alloy Stand Tripod With Bag 50Inch Silver/Black,,58.00SAR,SAR89.80,35% OFF
Generic Mobile And Camera Tripod Silverblack,,63.00SAR,SAR89.80,29% OFF
"Generic Tripod Stand With Bag For Canon, Nikon DSLR Camera Black/Silver",,63.00SAR,SAR76.30,17% OFF
Generic Universal Camera Tripod Stand Silver/Black,,58.00SAR,SAR89.80,35% OFF
Generic Portable Tripod Stand For DSLR Camera Silver/Black,,58.00SAR,SAR89.80,35% OFF
Generic Digital Camera Tripod Stand 50Inch Black/Silver,,57.00SAR,SAR89.80,36% OFF
Generic Retractable Aluminum Alloy Tripod Silverblack,,63.00SAR,SAR89.80,29% OFF
Weifeng Lightweight Portable Photography Tripod Black/Silver,,58.00SAR,SAR73.85,21% OFF
Generic Aluminum Alloy Tripod Stand Silver/Black,,63.00SAR,SAR89.80,29% OFF
Generic Universal Professional Aluminum Telescopic Camera Tripod Stand Holder Black/Grey,,58.00SAR,SAR89.80,35% OFF
Generic Travel Tripod Stand With Carry Bag Silver/Black,,58.00SAR,SAR89.80,35% OFF
Generic Adjustable Tripod Stand Black,,53.00SAR,SAR89.80,40% OFF
Generic Portable Tripod Stand For DSLR Camera Silver/Black,,58.00SAR,SAR89.80,35% OFF
Generic Lightweight Aluminum Alloy Photography Tripod Black/Silver,,63.00SAR,SAR89.80,29% OFF
Generic Professional Adjustable Tripod Stand Mount Holder Silver/Black,,58.00SAR,SAR65.00,10% OFF
Generic Tripod For Digital Camera & Smart Phones Silver/Black,,53.00SAR,SAR89.80,40% OFF
Generic Portable Tripod Silver/Black,,63.00SAR,SAR89.80,29% OFF
Generic 2-Piece Portable Camera Stand Tripod With Carrying Bag Black/Silver,,58.00SAR,SAR89.80,35% OFF
Generic Professional Camera Tripod Mount Stand Silver/Black,,50.00SAR,SAR89.80,44% OFF
Generic Universal Tripod Stand Silver/Black,,58.00SAR,SAR89.80,35% OFF
Generic Professional Camera Tripod And Gift Bag Silver/Black,,58.00SAR,SAR65.00,10% OFF
Generic Tripod Stand Silver/Black,,58.00SAR,SAR89.80,35% OFF
Generic Portable Digital Camera Camcorder Fishing Lamp Tripod Mount Silver,,63.00SAR,SAR89.80,29% OFF
Generic Portable Adjustable Tripod Silver/Black,,53.00SAR,SAR89.80,40% OFF
Generic Adjustable Tripod Stand Silver,,57.00SAR,SAR89.80,36% OFF
Generic Professional Adjustable Tripod Stand Silver/Black,,58.00SAR,SAR65.00,10% OFF
Generic Portable Lightweight Tripod Stand Silver/Black,,58.00SAR,SAR87.60,33% OFF
Generic Portable Tripod Stand For Apple iPhone 6/5/5C/5S/4/4S Silver/Black,,58.00SAR,SAR89.80,35% OFF
Generic Mobile Phone And Camera Tripod Silver Silver/Black,,63.00SAR,SAR89.80,29% OFF
Generic Aluminum Tripod Stand 50Inch Silverblack,,63.00SAR,SAR89.80,29% OFF
Generic 2-Piece Portable Standing Tripod With Bag Set 1050mm Silver/Black,,63.00SAR,SAR70.00,10% OFF
Generic Portable Tripod Stand For Slr Camera Camcorder Black/Silver,,63.00SAR,SAR89.80,29% OFF
Generic Adjustable Universal Camera Tripod Silver/Black,,63.00SAR,SAR89.80,29% OFF
Tefeng Adjustable Tripod For iPhones 40.2Inch Silver/Black,,58.00SAR,SAR89.80,35% OFF
Generic Portable Lightweight Tripod With Carrying Bag For Canon/Nikon/Sony Camera Silver/Black,,58.00SAR,SAR65.00,10% OFF
Generic Flexible Aluminium Alloy Stand Tripod With Carry Bag For Digital Camera White/Black,,63.00SAR,SAR89.80,29% OFF
Generic Professional Telescopic Camera Tripod Stand Silver/Black,,58.00SAR,SAR89.80,35% OFF
Generic Portable Universal Adjustable Tripod Silver/Black,,58.00SAR,SAR89.80,35% OFF
Generic Camera Tripod Mount Stand 33.8cm Silver/Black,,58.00SAR,SAR89.80,35% OFF
Generic Aluminum Alloy Tripod Stand 0.25Inch Silver/Black,,63.00SAR,SAR89.80,29% OFF
Generic Retractable Tripod Mount For Gopro And DSLR Cameras Silver/Black,,58.00SAR,SAR89.80,35% OFF
Generic Flexible Portable Aluminum Camera Camcorder Tripod Stand Black/Silver,,44.00SAR,SAR89.80,51% OFF
Generic 2-Piece Portable Camera Stand Tripod Black/Silver,,63.00SAR,SAR89.80,29% OFF
Generic Universal Camera Tripod Stand 1060mm Silver/Black,,58.00SAR,SAR71.90,19% OFF
Generic Portable 360 Camcorder Tripod Stand With Carry Case Silver/Black,,63.00SAR,SAR89.80,29% OFF
Double A 500-Piece A4 Photo Paper A4,,134.95SAR,,
Generic Adjustable Tripods Mount Black/Silver,,63.00SAR,SAR89.80,29% OFF
Generic Mobile And Camera Tripod Silverblack,,53.00SAR,SAR89.80,40% OFF
Generic Tripod Mount Holder Stand Black/Silver,,58.00SAR,SAR89.80,35% OFF
Generic Digital Video Photo Tripod Silver/Black,,63.00SAR,SAR89.80,29% OFF
Generic Universal Aluminium Alloy Stand Tripod For Photography Silver/Black,,58.00SAR,SAR89.80,35% OFF
Generic Adjustable Camera Tripod Silver/Black,,58.00SAR,SAR89.80,35% OFF
